3|Khái niệm “Khổ giới hạn của đường bộ” được hiểu như thế nào là đúng?|Khổ giới hạn của đường bộ là khoảng trống có kích thước giới hạn về chiều rộng, chiều cao của đường bộ để các xe, bao gồm cả hàng hoá xếp trên xe đi qua được an toàn.|Là khoảng trống có kích thước giới hạn về chiều rộng của đường, cầu, bến phà, hầm trên đường bộ để các xe kể cả hàng hóa xếp trên xe đi qua được an toàn.|Là khoảng trống có kích thước giới hạn về chiều cao của cầu, bến phà, hầm trên đường bộ để các xe đi qua được an toàn.|||1|1|0|3|3|1|1|1|1||Khổ giới hạn đường bộ có giới hạn về chiều cao, chiều rộng.
5|Dải phân cách có tác dụng gì?|Được lắp đặt để phân chia các làn đường dành cho xe cơ giới và xe thô sơ trên đường cao tốc.|Được lắp đặt để phân chia phần đường xe chạy thành hai chiều riêng biệt hoặc để phân chia phần đường dành cho xe cơ giới và xe thô sơ hoặc của nhiều loại xe khác nhau trên cùng một chiều đường||||2|1|4|5|5|1|1|1|1||<b>Dải phân cách</b> được lắp đặt để phân chia phần đường xe chạy thành hai chiều riêng biệt hoặc để phân chia phần đường dành cho xe cơ giới và xe thô sơ hoặc của nhiều loại xe khác nhau trên cùng một chiều đường;
8|Khái niệm “phương tiện giao thông cơ giới đường bộ” được hiểu thế nào là đúng?|Gồm xe ô tô; máy kéo; xe mô tô hai bánh; xe mô tô ba bánh; xe gắn máy; xe cơ giới dùng cho người khuyết tật và xe máy chuyên dùng.|Gồm xe ô tô; rơ moóc, sơ mi rơ moóc, xe chở người bốn bánh có gắn động cơ; xe chở hàng bốn bánh có gắn động cơ, xe mô tô, xe gắn máy và xe tương tự.||||2|1|7|8|8|1|1|1|1||“Phương tiện giao thông cơ giới đường bộ” không bao gồm “xe máy chuyên dùng”.
15|Khái niệm “đỗ xe” được hiểu như thế nào là đúng?|Là trạng thái đứng yên của xe không giới hạn thời gian|Là trạng thái đứng yên của phương tiện giao thông có giới hạn thời gian.||||1|1|14|15|15|1|1|1|1||<b>ĐỖ XE</b> là trạng thái đứng yên của xe KHÔNG GIỚI HẠN THỜI GIAN.
16|Khái niệm “đường cao tốc” được hiểu như thế nào là đúng?|Chỉ dành cho một số loại xe cơ giới, xe máy chuyên dùng tham gia giao thông theo quy định của pháp luật|Có dải phân cách phân chia hai chiều xe chạy riêng biệt, không giao nhau cùng mức với một hoặc các đường khác, chỉ cho xe ra, vào ở những điểm nhất định,.|Có hàng rào bảo vệ, trang thiết bị phục vụ, bảo đảm giao thông liên tục, an toàn, rút ngắn thời gian hành trình..|Tất cả các ý trên.||8|1|0|16|16|1|1|1|1||Đường cao tốc gồm tất cả các ý.
29|Phương tiện tham gia giao thông đường bộ di chuyển với tốc độ thấp hơn phải di chuyển như thế nào?|Đi về phía bên phải theo chiều đi của mình.|Đi về phía bên trái theo chiều đi của mình.|Đi ở bất cứ làn nào nhưng phải bấm đèn cảnh báo nguy hiểm để báo hiệu cho các phương tiện khác.|||1|1|0|29|29|1|1|1|1|1|Tốc độ thấp hơn đi về bên phải theo chiều đi của mình.
54|Người đủ bao nhiêu tuổi trở lên thì được điều khiển các loại xe ô tô quy định cho giấy phép lái xe hạng B kéo rơ moóc có khối lượng toàn bộ theo thiết kế trên 750 kg?|19 tuổi.|20 tuổi.|21 tuổi.|||4|1|0|0|54|1|1|1|1||Hạng BE = 21 tuổi; Độ tuổi lấy bằng theo hạng (cách nhau 3 tuổi): Xe dưới 50cm3: 16; Hạng A1, A, B1, B, C1: 18; Hạng C, BE: 21; Hạng D1, D2, C1E, CE: 24; Hạng D, D1E, D2E, DE: 27.
55|Người đủ bao nhiêu tuổi trở lên thì được điều khiển xe mô tô hai bánh có dung tích xi-lanh đến 125 cm3 hoặc có công suất động cơ điện đến 11 kW?|16 tuổi.|18 tuổi.|21 tuổi.|||2|1|35|0|55|1|1|1|1||Hạng A1 = 18 tuổi; Độ tuổi lấy bằng theo hạng (cách nhau 3 tuổi): Xe dưới 50cm3: 16; Hạng A1, A, B1, B, C1: 18; Hạng C, BE: 21; Hạng D1, D2, C1E, CE: 24; Hạng D, D1E, D2E, DE: 27.
56|Người lái xe ô tô chở người (kể cả xe buýt) trên 29 chỗ (không kể chỗ của người lái xe) phải đủ bao nhiêu tuổi trở lên?|23 tuổi.|24 tuổi.|27 tuổi.|30 tuổi.||4|1|0|0|56|1|1|1|1||Hạng D = 27 tuổi; Độ tuổi lấy bằng theo hạng (cách nhau 3 tuổi): Xe dưới 50cm3: 16; Hạng A1, A, B1, B, C1: 18; Hạng C, BE: 21; Hạng D1, D2, C1E, CE: 24; Hạng D, D1E, D2E, DE: 27.
57|Tuổi tối đa của người lái xe ô tô chở người (kể cả xe buýt) trên 29 chỗ (không kể chỗ của người lái xe), xe ô tô chở người giường nằm là bao nhiêu tuổi?|57 tuổi đối với nam và 55 tuổi đối với nữ.|55 tuổi đối với nam và nữ.|60 tuổi đối với nam và 55 tuổi đối với nữ.|45 tuổi với nam và 40 tuổi với nữ.||1|1|0|0|57|1|1|1|1||Tuổi tối đa người lái xe ô tô trên 29 chỗ và xe giường nằm: Nam 57 tuổi và nữ 55 tuổi.
58|Người lái xe hạng D1, D2, C1E, CE phải đủ bao nhiêu tuổi trở lên?|23 tuổi.|24 tuổi.|27 tuổi.|30 tuổi.||2|1|0|0|58|1|1|1|1||Độ tuổi lấy bằng theo hạng (cách nhau 3 tuổi): Xe dưới 50cm3: 16; Hạng A1, A, B1, B, C1: 18; Hạng C, BE: 21; Hạng D1, D2, C1E, CE: 24; Hạng D, D1E, D2E, DE: 27.
59|Người đủ bao nhiêu tuổi trở lên thì được điều khiển xe gắn máy?|16 tuổi.|17 tuổi.|18 tuổi.|15 tuổi.||1|1|36|54|59|1|1|1|1||Xe gắn máy từ 16 tuổi;
60|Người có GPLX mô tô hạng A1 không được phép điều khiển loại xe nào dưới đây?|Xe mô tô có dung tích xi-lanh 125 cm3.|Xe mô tô có dung tích xi-lanh trên 175 cm3.|Xe mô tô có dung tích xi-lanh 100 cm3.|||2|1|37|55|60|1|1|1|1||Hạng A1 cấp cho người lái xe mô tô hai bánh có dung tích xi-lanh đến 125 cm3 hoặc có công suất động cơ điện đến 11 kW;
61|Người có GPLX mô tô hạng A1 được phép điều khiển loại xe nào dưới đây?|Xe mô tô hai bánh có dung tích xi-lanh đến 125 cm3 hoặc có công suất động cơ điện đến 11 kW.|Xe mô tô hai bánh có dung tích xi-lanh trên 125 cm3 hoặc có công suất động cơ điện trên 11 kW.|Cả ý 1 và ý 2.|||1|1|38|56|61|1|1|1|1||Hạng A1 cấp cho người lái xe mô tô hai bánh có dung tích xi-lanh đến 125 cm3 hoặc có công suất động cơ điện đến 11 kW;
62|Người có GPLX mô tô hạng A được phép điều khiển loại xe nào dưới đây?|Xe mô tô hai bánh có dung tích xi-lanh đến 125 cm3 hoặc có công suất động cơ điện đến 11 kW.|Xe mô tô hai bánh có dung tích xi-lanh trên 125 cm3 hoặc có công suất động cơ điện trên 11 kW.|Cả ý 1 và ý 2.|||2|1|0|57|62|1|1|1|1||Hạng A cấp cho người lái xe mô tô hai bánh có dung tích xi-lanh trên 125 cm3 hoặc có công suất động cơ điện trên 11 kW;
63|Người có GPLX hạng B1 được phép điều khiển loại xe nào dưới đây?|Xe mô tô ba bánh.|Xe mô tô hai bánh có dung tích xi-lanh từ 175 cm3 trở lên.|Các loại máy kéo nhỏ có trọng tải đến 1.000 kg.|||1|1|0|58|63|1|1|1|1||Hạng B1 cấp cho người lái xe mô tô ba bánh;
64|Người có GPLX hạng B được phép điều khiển loại xe nào dưới đây?|Xe ô tô chở người đến 09 chỗ (không kể chỗ của người lái xe); xe ô tô tải và ô tô chuyên dùng có khối lượng toàn bộ theo thiết kế đến 3.500 kg; các loại xe ô tô quy định cho giấy phép lái xe hạng B kéo rơ moóc có khối lượng toàn bộ theo thiết kế đến 750 kg.|Xe ô tô chở người đến 08 chỗ (không kể chỗ của người lái xe).|Xe ô tô tải và ô tô chuyên dùng có khối lượng toàn bộ theo thiết kế đến 3.500 kg; các loại xe ô tô quy định cho giấy phép lái xe hạng B kéo rơ moóc có khối lượng toàn bộ theo thiết kế đến 750 kg.|Cả ý 2 và ý 3.||8|1|0|0|64|1|1|1|1||Hạng B: đến 08 chỗ (không kể lái xe); ô tô tải và chuyên dùng đến 3.500 kg; kéo rơ moóc đến 750 kg;
65|Người có GPLX hạng C1 được phép điều khiển loại xe nào dưới đây?|Xe ô tô tải có khối lượng toàn bộ theo thiết kế trên 7.500 kg.|Xe ô tô chuyên dùng có khối lượng toàn bộ theo thiết kế trên 7.500 kg.|Xe ô tô tải và ô tô chuyên dùng có khối lượng toàn bộ theo thiết kế trên 3.500 kg đến 7.500 kg.|Cả ý 1 và ý 2.||4|1|0|0|65|1|1|1|1||Hạng C1: ô tô tải và chuyên dùng trên 3.500 kg đến 7.500 kg và Hạng B.
66|Người có GPLX hạng C được phép điều khiển loại xe nào dưới đây?|Xe ô tô tải có khối lượng toàn bộ theo thiết kế trên 7.500 kg.|Xe ô tô chuyên dùng có khối lượng toàn bộ theo thiết kế trên 7.500 kg.|Xe ô tô tải và ô tô chuyên dùng có khối lượng toàn bộ theo thiết kế trên 3.500 kg đến 7.500 kg.|Cả ý 1 và ý 2.||8|1|0|0|66|1|1|1|1||Hạng C: ô tô tải và chuyên dùng trên 7.500 kg và Hạng B, C1.
67|Người có GPLX hạng D1 được phép điều khiển loại xe nào dưới đây?|Xe ô tô chở người trên 08 chỗ (không kể chỗ của người lái xe) đến 16 chỗ (không kể chỗ của người lái xe).|Xe ô tô chở người trên 16 chỗ (không kể chỗ của người lái xe) đến 29 chỗ (không kể chỗ của người lái xe).|Xe ô tô chở người (kể cả xe buýt) trên 29 chỗ (không kể chỗ của người lái xe).|Cả ý 1 và ý 2.||1|1|0|0|67|1|1|1|1||Hạng D1: trên 08 chỗ đến 16 chỗ (không kể lái xe); và Hạng B, C1, C;
68|Người có GPLX hạng D2 được phép điều khiển loại xe nào dưới đây?|Xe ô tô chở người trên 16 chỗ (không kể chỗ của người lái xe) đến 29 chỗ (không kể chỗ của người lái xe).|Xe ô tô chở người (kể cả xe buýt) trên 29 chỗ (không kể chỗ của người lái xe).|Cả ý 1 và ý 2.|||1|1|0|0|68|1|1|1|1||Hạng D2: trên 16 chỗ đến 29 chỗ (không kể lái xe); và các hạng B, C1, C, D1;
68|Người có GPLX hạng D được phép điều khiển loại xe nào dưới đây?|Xe ô tô chở người (kể cả xe buýt) trên 29 chỗ (không kể chỗ của người lái xe).|Xe ô tô quy định cho giấy phép lái xe hạng B kéo rơ moóc có khối lượng toàn bộ theo thiết kế trên 750 kg.|Xe ô tô quy định cho giấy phép lái xe hạng D kéo rơ moóc có khối lượng toàn bộ theo thiết kế trên 750 kg.|Xe khách nối toa.||1|1|0|0|68|1|1|1|1||Hạng D: trên 29 chỗ (không kể lái xe); xe giường nằm; và các hạng B, C1, C, D1, D2;
69|Người có GPLX hạng CE được phép điều khiển loại xe nào dưới đây?|Xe ô tô quy định cho giấy phép lái xe hạng C kéo rơ moóc có khối lượng toàn bộ theo thiết kế trên 750 kg.|Xe ô tô đầu kéo kéo sơ mi rơ moóc.|Cả ý 1 và ý 2.|||4|1|0|0|69|1|1|1|1||Hạng CE: hạng C kéo rơ moóc trên 750 kg; xe ô tô đầu kéo kéo sơ mi rơ moóc;
70|Người có GPLX hạng DE được phép điều khiển loại xe nào dưới đây?|Xe ô tô đầu kéo kéo sơ mi rơ moóc.|Xe ô tô quy định cho giấy phép lái xe hạng D kéo rơ moóc có khối lượng toàn bộ theo thiết kế trên 750 kg.|Xe ô tô chở khách nối toa.|Cả ý 2 và ý 3||8|1|0|0|70|1|1|1|1||Hạng DE: hạng D kéo rơ moóc trên 750 kg; xe ô tô chở khách nối toa.
71|Người có GPLX hạng B với điều kiện hạn chế “Chỉ điều khiển xe ô tô hạng B chuyển số tự động (bao gồm cả xe ô tô điện)” được phép điều khiển loại xe nào dưới đây?|Xe ô tô chở người đến 08 chỗ (không kể chỗ của người lái xe) chuyển số tự động.|Xe ô tô điện.|Ô tô chuyên dùng có khối lượng toàn bộ theo thiết kế đến 3.500 kg chuyển số tự động.|Tất cả các ý trên.||8|1|0|0|71|1|1|1|1||Hạng B xe số tự động: đến 08 chỗ (không kể lái xe); xe ô tô tải và ô tô chuyên dùng đến 3.500 kg; kéo rơ moóc đến 750 kg;
77|Khi dạy thực hành lái xe, giáo viên phải mang theo các giấy tờ gì dưới đây?|Phù hiệu “Giáo viên dạy lái xe”, giấy phép xe tập lái, chứng nhận đăng ký xe, giấy phép lái xe phù hợp với loại xe đang điều khiển và chứng nhận bảo hiểm bắt buộc trách nhiệm dân sự của chủ xe cơ giới.|Phù hiệu “học viên tập lái xe” và kế hoạch học tập của khóa học.|Giấy chứng nhận giáo viên dạy thực hành lái xe.|||1|1|0|0|77|1|1|1|1||Đầy đủ mọi loại giấy tờ và phù hiệu.
78|Xe ô tô tập lái trên đường giao thông phải đảm bảo các điều kiện gì dưới đây?|Xe tập lái được gắn 02 biển “TẬP LÁI” trước và sau xe; có hệ thống phanh phụ được lắp đặt bảo đảm hiệu quả phanh, được bố trí bên ghế ngồi của giáo viên dạy thực hành lái xe.|Có thiết bị giám sát thời gian và quãng đường học thực hành lái xe của học viên; xe tập lái loại ô tô tải thùng có mui che mưa, che nắng, ghế ngồi cho học viên; có giấy chứng nhận kiểm định an toàn kỹ thuật và bảo vệ môi trường phương tiện giao thông cơ giới đường bộ còn hiệu lực.|Cả ý 1 và ý 2.|||4|1|0|0|78|1|1|1|1||Gắn biển “TẬP LÁI” và và có thiết bị giám sát.
80|Người điều khiển phương tiện tham gia giao thông đường bộ phải mang theo các giấy tờ gì?|Giấy chứng nhận tốt nghiệp khoá đào tạo của hạng xe đang điều khiển, đăng ký xe, giấy phép lưu hành xe.|Chứng nhận đăng ký xe, giấy phép lái xe phù hợp với loại xe đang điều khiển, chứng nhận kiểm định an toàn kỹ thuật và bảo vệ môi trường đối với xe cơ giới, chứng nhận bảo hiểm bắt buộc trách nhiệm dân sự của chủ xe cơ giới.|Cả ý 1 và ý 2.|||2|1|0|64|80|1|1|1|1||Giấy tờ không cần giấy chứng nhận tốt nghiệp.
81|Giấy phép lái xe bị thu hồi trong trường hợp nào?|Người được cấp giấy phép lái xe không đủ điều kiện sức khỏe theo kết luận của cơ sở khám bệnh, chữa bệnh đối với từng hạng giấy phép lái xe.|Giấy phép lái xe quá hạn.|Giấy phép lái xe bị mất.|||1|1|43|65|81|1|1|1|1||Không đủ sức khỏe.
90|Khu vực nào người lái xe không được phép quay đầu xe?|Phần đường dành cho người đi bộ qua đường, trên cầu, đầu cầu, gầm cầu vượt, ngầm, tại nơi đường bộ giao nhau cùng mức với đường sắt.|Trong khu dân cư.|Khu vực trường học.|||1|1|0|74|90|1|1|1|1||Không quay xe ở phần đường dành cho người đi bộ qua đường.
91|Người lái xe phải làm gì khi quay đầu xe trên cầu, ngầm hay nơi đường bộ giao nhau cùng mức với đường sắt?|Không được quay đầu xe.|Lợi dụng chỗ rộng và phải có người làm tín hiệu sau xe để bảo đảm an toàn.|Lợi dụng chỗ rộng có thể quay đầu được để quay đầu xe cho an toàn.|||1|1|0|75|91|1|1|1|1|1|Không quay đầu xe trên cầu.
93|Khi lùi xe người lái xe phải làm gì để bảo đảm an toàn?|Quan sát phía sau và cho lùi xe ở tốc độ chậm.|Có tín hiệu lùi, nếu phía sau không có người hoặc phương tiện khác thì nhanh chóng lùi để đảm bảo an toàn.|Quan sát hai bên và phía sau xe, có tín hiệu lùi và chỉ lùi xe khi bảo đảm an toàn.|||4|1|0|77|93|1|1|1|1||Quan sát hai bên và phía sau xe, tín hiệu và lùi chậm.
97|Tại nơi đường giao nhau giữa đường không ưu tiên với đường ưu tiên, người lái xe đang đi trên đường không ưu tiên phải nhường đường như thế nào là đúng quy tắc giao thông?|Nhường đường cho xe đi ở bên phải mình tới.|Nhường đường cho xe đi ở bên trái mình tới.|Nhường đường cho xe đi trên đường ưu tiên từ bất kỳ hướng nào tới.|||4|1|54|80|97|1|1|1|1||Nhường đường cho xe trên đường ưu tiên.
99|Khi đi tới đoạn đường bộ giao nhau cùng mức với đường sắt không có người gác, chắn đường bộ, chuông, đèn tín hiệu, người tham gia giao thông đường bộ phải làm gì để đảm bảo an toàn giao thông?|Dừng lại về bên phải đường của mình, trước vạch dừng xe và và quan sát hai phía, khi không có phương tiện giao thông đường sắt tới mới được đi qua.|Quan sát hai phía, khi không có phương tiện giao thông đường sắt tới thì nhanh chóng đi qua.|Dừng lại khoảng cách tối thiểu 3m tính từ ray đường sắt gần nhất, khi không có phương tiện giao thông đường sắt tới thì nhanh chóng đi qua.|||1|1|0|82|99|1|1|1|1|1|Dừng lại, quan sát hai phía rồi mới đi qua.
100|Khi đi tới đoạn đường bộ giao nhau cùng mức với đường sắt, có hiệu lệnh của nhân viên gác chắn, đèn đỏ sáng nhấp nháy, chuông kêu, chắn đường bộ đang dịch chuyển hoặc đã đóng, người tham gia giao thông đường bộ phải làm gì để đảm bảo an toàn giao thông?|Dừng lại về bên phải đường của mình, trước vạch dừng xe.|Dừng lại về bên trái đường của mình, trước vạch dừng xe.|Dừng lại giữa đường của mình, trước vạch dừng xe.|||1|1|56|83|100|1|1|1|1||Dừng lại về bên phải.
101|Trước khi nhập vào làn đường của đường cao tốc, người lái xe phải thực hiện như thế nào để bảo đảm an toàn?|Phải có tín hiệu xin vào và phải nhường đường cho xe đang chạy trên đường, quan sát xe phía sau bảo đảm khoảng cách an toàn mới cho xe nhập vào làn đường sát bên phải, nếu có làn đường tăng tốc thì phải cho xe chạy trên làn đường đó trước khi nhập vào làn đường của đường cao tốc.|Phải có tín hiệu xin vào và phải nhanh chóng vượt xe đang chạy trên đường để nhập vào dòng xe ở làn đường sát mép ngoài; nếu có làn đường tăng tốc thì phải cho xe chạy qua làn đường đó để vào làn đường của đường cao tốc.||||1|1|0|0|101|1|1|1|1|1|Xin vào phải nhường đường xe đang chạy trên cao tốc.
102|Trên đường cao tốc, người lái xe phải dừng xe, đỗ xe như thế nào để đảm bảo an toàn giao thông?|Chỉ được dừng xe, đỗ xe ở làn đường sát mép ngoài và phải có báo hiệu bằng đèn khẩn cấp.|Chỉ được dừng xe, đỗ xe ở nơi quy định, trường hợp gặp sự cố kỹ thuật hoặc bất khả kháng khác buộc phải dừng xe, đỗ xe thì được dừng xe, đỗ xe ở làn dừng khẩn cấp cùng chiều xe chạy và phải có báo hiệu bằng đèn khẩn cấp; trường hợp xe không thể di chuyển được vào làn dừng khẩn cấp, phải có báo hiệu bằng đèn khẩn cấp và đặt biển hoặc đèn cảnh báo về phía sau xe khoảng cách tối thiểu 150 mét.|Chỉ được dừng xe, đỗ xe ở làn đường bên trái và phải có báo hiệu bằng đèn khẩn cấp, đặt biển hoặc đèn cảnh báo về phía sau xe.|||2|1|0|0|102|1|1|1|1||Chỉ được dừng xe, đỗ xe ở nơi quy định.
103|Những trường hợp nào ghi ở dưới đây không được đi vào đường cao tốc trừ người, phương tiện giao thông đường bộ và thiết bị phục vụ việc quản lý, bảo trì đường cao tốc?|Chỉ được dừng xe, đỗ xe ở làn đường sát mép ngoài và phải có báo hiệu bằng đèn khẩn cấp.|Xe máy chuyên dùng có tốc độ thiết kế nhỏ hơn tốc độ tối thiểu quy định đối với đường cao tốc.|Chỉ được dừng xe, đỗ xe ở làn đường bên trái và phải có báo hiệu bằng đèn khẩn cấp, đặt biển hoặc đèn cảnh báo về phía sau xe.|||2|1|0|84|103|1|1|1|1||Câu này sai nội dung. Khoản 2, Điều 25 Luật Trật tự an toàn giao thông đường bộ năm 2024
104|Người điều khiển phương tiện tham gia giao thông trong hầm đường bộ ngoài việc phải tuân thủ các quy tắc giao thông đường bộ theo quy định, còn phải tuân thủ những quy tắc giao thông nào dưới đây?|Xe cơ giới, xe máy chuyên dùng phải bật đèn chiếu gần; xe thô sơ phải bật đèn hoặc có vật phát sáng báo hiệu; không dùng xe, đỗ xe trong hầm đường bộ; trường hợp gặp sự cố kỹ thuật hoặc bất khả kháng khác buộc phải dừng xe, đỗ xe, người lái xe, người điều khiển xe máy chuyên dùng phải đưa xe vào vị trí dừng xe, đỗ xe khẩn cấp, nếu không di chuyển được, phải có báo hiệu bằng đèn khẩn cấp và đặt biển hoặc đèn cảnh báo về phía sau xe khoảng cách bảo đảm an toàn.|Xe cơ giới, xe máy chuyên dùng phải bật đèn chiếu xa; được dừng xe, đỗ xe khi cần thiết|Phải cho xe chạy trên một làn đường và chỉ chuyên làn ở nơi được phép; được quay đầu xe, lùi xe khi cần thiết.|||1|1|57|85|104|1|1|1|1||Xe cơ giới, xe máy chuyên dùng phải bật đèn chiếu gần.
107|Xe kéo rơ moóc, ô tô đầu kéo khi tham gia giao thông phải tuân thủ điều kiện nào dưới đây?|Chỉ được kéo rơ moóc phù hợp với thiết kế của xe; việc kết nối xe kéo với rơ moóc phải bảo đảm chắc chắn, an toàn.|Phải có tổng trọng lượng tương đương tổng trọng lượng của rơ moóc hoặc phải có hệ thống hãm có hiệu lực cho rơ moóc.|Phải được lắp phanh phụ theo quy định để đảm bảo an toàn|||1|1|0|0|107|1|1|1|1||Chỉ được kéo rơ moóc phù hợp với thiết kế của xe.
108|Xe ô tô kéo xe khác thế nào là đúng quy tắc giao thông?|Xe được kéo phải có người điều khiển và hệ thống lái của xe đó phải còn hiệu lực. Việc nối, xe kéo với xe được kéo phải bảo đảm chắc chắn, an toàn; trường hợp hệ thống hãm của xe được kéo không còn hiệu lực thì xe kéo nhau phải nối bằng thành nối cứng. Phía trước của xe kéo và phía sau của xe được kéo phải có biển báo hiệu, có đèn cảnh báo nhấp nháy màu vàng.|Được kéo theo một xe ô tô và xe máy chuyên dùng khác khi xe này không tự chạy được và phải đảm bảo an toàn; xe được kéo phải có người ngồi trên xe để kịp thời phát hiện các trường hợp mất an toàn.|Được kéo theo một xe ô tô và xe máy chuyên dùng khác khi xe này không tự chạy được và, hệ thống phanh bị hỏng, xe kéo nhau phải nối bằng dây cáp có độ dài phù hợp.|||1|1|0|0|108|1|1|1|1||Khoản 1, Điều 29 Luật Trật tự an toàn giao thông đường bộ năm 2024
110|Người lái xe mô tô hai bánh, xe gắn máy được phép chở tối đa 2 người trong những trường hợp nào dưới đây?|Chở người bệnh đi cấp cứu; người già yếu hoặc người khuyết tật; trẻ em dưới 12 tuổi.|Áp giải người, có hành vi vi phạm pháp luật,|Cả ý 1 và ý 2.|||4|1|59|89|110|1|1|1|1||Khoản 1, Điều 33 Luật Trật tự an toàn giao thông đường bộ năm 2024
111|Người lái xe mô tô hai bánh, xe gắn máy không được thực hiện những hành vi nào dưới đây?|Buông cả hai tay, đi xe bằng một bánh; sử dụng xe để kéo, đẩy xe khác, vật khác, dẫn dắt vật nuôi, mang, vác và chở vật cồng kềnh; chở người đứng trên xe, giá đèo hàng hoặc ngồi trên tay lái; xếp hàng hóa trên xe quá giới hạn quy định; Ngồi về một bên điều khiển xe; đứng, nằm trên xe điều khiển xe; thay người lái xe khi xe đang chạy; quay người về phía sau để điều khiển xe hoặc bịt mắt điều khiển xe; sử dụng chân chống hoặc vật khác quệt xuống đường khi xe đang chạy.|Chở 02 người; trong đó, có người bệnh đi cấp cứu hoặc trẻ em dưới 14 tuổi hoặc áp giải người có hành vi vi phạm pháp luật.|Điều khiển phương tiện tham gia giao thông trên đường tỉnh lộ hoặc quốc lộ|||1|1|60|90|111|1|1|1|1||Khoản 3, Điều 33 Luật Trật tự an toàn giao thông đường bộ năm 2024
114|Khi có tín hiệu của xe ưu tiên, người lái xe phải thực hiện như thế nào để bảo đảm an toàn giao thông?|Đi sát lề đường bên trái để nhường đường.|Giảm tốc độ, đi sát lề đường bên phải hoặc dừng lại để nhường đường.|Tăng tốc độ, đi sát lề đường bên phải để nhường đường.|||2|1|0|93|114|1|1|1|1|1|Khoản 5, Điều 27 Luật Trật tự an toàn giao thông đường bộ năm 2024
123|Khái niệm đường bộ trong khu đông dân cư được quy định như thế nào?|Là đoạn đường nằm trong khu công nghiệp có đông người và phương tiện tham gia giao thông và được xác định cụ thể bằng biển chỉ dẫn địa giới.|Là đoạn đường bộ nằm trong khu vực nội thành phố, nội thị xã, nội thị trấn (gọi chung là nội đô thị) và những đoạn đường có đông dân cư sinh sống sát dọc theo đường, được xác định bằng biển báo “Bắt đầu khu đông dân cư” và biển báo “Hết khu đông dân cư”.|Là đoạn đường nằm ngoài khu vực nội thành phố, nội thị xã có đông người và phương tiện tham gia giao thông và được xác định cụ thể bằng biển chỉ dẫn địa giới.|||2|1|68|100|123|1|1|1|1||Xác định bằng biển báo “Bắt đầu khu đông dân cư” và biển báo “Hết khu đông dân cư”.
124|Tốc độ tối đa cho phép đối với xe máy chuyên dùng, xe gắn máy và các loại xe tương tự tham gia giao thông trên đường bộ (trừ đường cao tốc) là nhiêu km/h?|50 km/h.|40 km/h.|60 km/h.|||2|1|69|101|124|1|1|1|1||Xe gắn máy tốc độ tối đa 40km/h.
125|Trên đường bộ (trừ đường cao tốc) trong khu vực đông dân cư, đường đôi, xe mô tô hai bánh, ô tô chở người đến 28 chỗ tham gia giao thông với tốc độ tối đa cho phép là bao nhiêu?|60 km/h.|50 km/h.|40 km/h.|||1|1|70|102|125|1|1|1|1||Khu vực đông dân cư, đường đôi, xe mô tô hai bánh và ô tô đến 28 chỗ tối đa 60km/h.
126|Trên đường bộ (trừ đường cao tốc) trong khu vực đông dân cư, đường hai chiều, xe mô tô hai bánh, ô tô chở người đến 28 chỗ tham gia giao thông với tốc độ tối đa cho phép là bao nhiêu?|60 km/h.|50 km/h.|40 km/h.|||2|1|71|103|126|1|1|1|1||Khu vực đông dân cư, đường hai chiều, xe mô tô hai bánh và ô tô đến 28 chỗ tối đa 50km/h.
127|Trên đường bộ (trừ đường cao tốc) trong khu vực đông dân cư, đường hai chiều hoặc đường một chiều có một làn xe cơ giới, loại xe nào dưới đây được tham gia giao thông với tốc độ tối đa cho phép là 50 km/h?|Ô tô con, ô tô tải, ô tô chở người trên 28 chỗ.|Xe gắn máy, xe máy chuyên dùng.|Tất cả các phương án trả lời trên.|||1|1|72|104|127|1|1|1|1||Khu vực đông dân cư, đường hai chiều, ô tô con tối đa 50km/h; xe gắn máy tối đa 40km/h.
128|Trên đường bộ (trừ đường cao tốc) trong khu vực đông dân cư, đường đôi hoặc đường một chiều có từ hai làn xe cơ giới trở lên, loại xe nào dưới đây được tham gia giao thông với tốc độ tối đa cho phép là 60km/h?|Ô tô con, ô tô tải, ô tô chở người trên 28 chỗ.|Xe gắn máy, xe máy chuyên dùng.|Tất cả các phương án trả lời trên.|||1|1|0|105|128|1|1|1|1||Xe gắn máy tốc độ tối đa 40km/h.
129|Trên đường bộ (trừ đường cao tốc) ngoài khu vực đông dân cư, đường đôi, đường một chiều có từ hai làn xe cơ giới trở lên, loại xe nào dưới đây tham gia giao thông với tốc độ tối đa cho phép là 90 km/h?|Xe ô tô chở người trên 28 chỗ không kể chỗ người lái xe (trừ xe buýt); ô tô tải có trọng tải trên 3,5 tấn (trừ ô tô xi téc).|Xe ô tô chở người đến 28 chỗ không kể chỗ của người lái xe (trừ xe buýt), ô tô tải có trọng tải không lớn hơn 3,5 tấn.|Xe buýt; ô tô đầu kéo kéo sơ mi rơ moóc (trừ ô tô đầu kéo kéo sơ mi rơ moóc xi téc); xe mô tô; ô tô chuyên dùng (trừ ô tô trộn vữa, ô tô trộn bê tông lưu động).|||2|1|0|106|129|1|1|1|1||Ngoài khu vực đông dân cư, đường đôi: ô tô con, tải nhỏ hơn 3,5 tấn, xe ô tô đến 28 chỗ tốc độ tối đa 90 km/h.
130|Trên đường bộ (trừ đường cao tốc) ngoài khu vực đông dân cư, đường đôi, đường một chiều có từ hai làn xe cơ giới trở lên, loại xe nào dưới đây tham gia giao thông với tốc độ tối đa cho phép là 80 km/h?|Xe ô tô chở người trên 28 chỗ không kể chỗ người lái xe (trừ xe buýt); ô tô tải có trọng tải trên 3,5 tấn (trừ ô tô xi téc).|Xe ô tô chở người đến 28 chỗ không kể chỗ của người lái xe (trừ xe buýt), ô tô tải có trọng tải không lớn hơn 3,5 tấn.|Xe buýt; ô tô đầu kéo kéo sơ mi rơ moóc (trừ ô tô đầu kéo kéo sơ mi rơ moóc xi téc); xe mô tô; ô tô chuyên dùng (trừ ô tô trộn vữa, ô tô trộn bê tông lưu động).|||1|1|0|107|130|1|1|1|1||Ngoài khu vực đông dân cư, đường đôi: xe trên 28 chỗ, xe tải trên 3,5 tấn tốc độ tối đa 80 km/h.
131|Trên đường bộ (trừ đường cao tốc) ngoài khu vực đông dân cư, đường đôi, đường một chiều có từ hai làn xe cơ giới trở lên, loại xe nào dưới đây tham gia giao thông với tốc độ tối đa cho phép là 70 km/h?|Xe buýt; ô tô đầu kéo kéo sơ mi rơ moóc (trừ ô tô đầu kéo kéo sơ mi rơ moóc xi téc); xe mô tô; ô tô chuyên dùng (trừ ô tô trộn vữa, ô tô trộn bê tông lưu động).|Xe ô tô chở người trên 28 chỗ không kể chỗ người lái xe (trừ xe buýt); ô tô tải có trọng tải trên 3,5 tấn (trừ ô tô xi téc).|Ô tô kéo rơ moóc; ô tô kéo xe khác; ô tô trộn vữa, ô tô trộn bê tông lưu động, ô tô xi téc, ô tô đầu kéo kéo sơ mi rơ moóc xi téc, ô tô kéo theo rơ moóc xi téc.|||1|1|0|108|131|1|1|1|1||Ngoài khu vực đông dân cư, đường đôi: xe buýt, xe đầu kéo tốc độ tối đa 70 km/h.
132|Trên đường bộ (trừ đường cao tốc) ngoài khu vực đông dân cư, đường đôi, đường một chiều có từ hai làn xe cơ giới trở lên, loại xe nào dưới đây tham gia giao thông với tốc độ tối đa cho phép là 60 km/h?|Ô tô kéo rơ moóc; ô tô kéo xe khác; ô tô trộn vữa, ô tô trộn bê tông lưu động, ô tô xi téc, ô tô đầu kéo kéo sơ mi rơ moóc xi téc, ô tô kéo theo rơ moóc xi téc.|Xe ô tô chở người trên 28 chỗ không kể chỗ người lái xe (trừ xe buýt); ô tô tải có trọng tải trên 3,5 tấn (trừ ô tô xi téc).|Xe buýt; ô tô đầu kéo kéo sơ mi rơ moóc (trừ ô tô đầu kéo kéo sơ mi rơ moóc xi téc); xe mô tô; ô tô chuyên dùng (trừ ô tô trộn vữa, ô tô trộn bê tông lưu động).|||1|1|0|109|132|1|1|1|1||Ngoài khu vực đông dân cư, đường đôi: ô tô kéo rơ moóc, ô tô trộn vữa, ô tô trộn bê tông tốc độ tối đa 60 km/h.
133|Trên đường bộ (trừ đường cao tốc) ngoài khu vực đông dân cư đường hai chiều, đường một chiều có một làn xe cơ giới, loại xe nào dưới đây tham gia giao thông với tốc độ tối đa cho phép là 80 km/h?|Xe ô tô chở người trên 28 chỗ không kể chỗ người lái xe (trừ xe buýt); ô tô tải có trọng tải trên 3,5 tấn trừ ô tô xi téc).|Xe buýt; ô tô đầu kéo kéo sơ mi rơ moóc (trừ ô tô đầu kéo kéo sơ mi rơ moóc xi téc); xe mô tô; ô tô chuyên dùng (trừ ô tô trộn vữa, ô tô trộn bê tông lưu động).|Xe ô tô chở người đến 28 chỗ không kể chỗ của người lái xe (trừ xe buýt), ô tô tải có trọng tải không lớn hơn 3,5 tấn.|||4|1|0|110|133|1|1|1|1||Ngoài khu vực đông dân cư, đường hai chiều: ô tô con, tải nhỏ hơn 3,5 tấn, xe ô tô đến 28 chỗ tốc độ tối đa 80 km/h.
134|Trên đường bộ (trừ đường cao tốc) ngoài khu vực đông dân cư, đường hai chiều, đường một chiều có một làn xe cơ giới, loại xe nào dưới đây tham gia giao thông với tốc độ tối đa cho phép là 70 km/h?|1-Xe ô tô chở người đến 28 chỗ không kể chỗ của người lái xe (trừ xe buýt), ô tô tải có trọng tải không lớn hơn 3,5 tấn|Xe ô tô chở người trên 28 chỗ không kể chỗ người lái xe (trừ xe buýt); ô tô tải có trọng tải trên 3,5 tấn (trừ ô tô xi téc).|Xe buýt; ô tô đầu kéo kéo sơ mi rơ moóc (trừ ô tô đầu kéo kéo sơ mi rơ moóc xi téc); xe mô tô; ô tô chuyên dùng (trừ ô tô trộn vữa, ô tô trộn bê tông lưu động).|||2|1|0|111|134|1|1|1|1||Ngoài khu vực đông dân cư, đường hai chiều: xe trên 28 chỗ, xe tải trên 3,5 tấn tốc độ tối đa 70 km/h.
135|Trên đường bộ (trừ đường cao tốc) ngoài khu vực đông dân cư, đường hai chiều; đường một chiều có một làn xe cơ giới, loại xe nào dưới đây tham gia giao thông với tốc độ tối đa cho phép là 60 km/h?|Xe ô tô chở người trên 28 chỗ không kể chỗ người lái xe (trừ xe buýt); ô tô tải có trọng tải trên 3,5 tấn (trừ ô tô xi téc).|Ô tô kéo rơ moóc; ô tô kéo xe khác; ô tô trộn vữa, ô tô trộn bê tông lưu động, ô tô xi téc, ô tô đầu kéo kéo sơ mi rơ moóc xi téc, ô tô kéo theo rơ moóc xi téc.|Xe buýt; ô tô đầu kéo kéo sơ mi rơ moóc (trừ ô tô đầu kéo kéo sơ mi rơ moóc xi téc); xe mô tô; ô tô chuyên dùng (trừ ô tô trộn vữa, ô tô trộn bê tông lưu động).|||4|1|0|112|135|1|1|1|1||Ngoài khu vực đông dân cư, đường hai chiều: xe buýt, xe đầu kéo tốc độ tối đa 60 km/h.
136|Trên đường bộ (trừ đường cao tốc) ngoài khu vực đông dân cư, đường hai chiều, đường một chiều có một làn xe cơ giới loại xe nào dưới đây tham gia giao thông với tốc độ tối đa cho phép là 50 km/h?|Xe ô tô chở người trên 28 chỗ không kể chỗ người lái xe (trừ xe buýt); ô tô tải có trọng tải trên 3,5 tấn (trừ ô tô xi téc).|Xe buýt; ô tô đầu kéo kéo sơ mi rơ moóc (trừ ô tô đầu kéo kéo sơ mi rơ moóc xi téc); xe mô tô; ô tô chuyên dùng (trừ ô tô trộn vữa, ô tô trộn bê tông lưu động).|Ô tô kéo rơ moóc; ô tô kéo xe khác; ô tô trộn vữa, ô tô trộn bê tông lưu động, ô tô xi téc, ô tô đầu kéo kéo sơ mi rơ moóc xi téc, ô tô kéo theo rơ moóc xi téc.|||4|1|0|113|136|1|1|1|1||Ngoài khu vực đông dân cư, đường hai chiều: ô tô kéo rơ moóc, ô tô trộn vữa, ô tô trộn bê tông tốc độ tối đa 50 km/h.
137|Khi điều khiển xe tham gia giao thông trên đoạn đường bộ không có biển báo “Cự ly tối thiểu giữa hai xe”, với điều kiện mặt đường khô ráo, không có sương mù, mặt đường không trơn trượt, địa hình bằng phẳng, đường thẳng, tầm nhìn bảo đảm, xe cơ giới đang chạy với tốc độ từ trên 60km/h đến 80km/h, người lái xe phải giữ khoảng cách an toàn với xe đang chạy liền trước cùng làn hoặc cùng phần đường, cùng chiều xe của mình tối thiểu là bao nhiêu mét?|35 mét.|55 mét.|70 mét.|||2|1|0|114|137|1|1|1|1||Khoảng cách an toàn: 60km/h: 35m; 60km/h đến 80km/h: 55m; 80 đến 100km/h: 70m; 100 đến 120km/h: 100m.
138|Khi điều khiển xe tham gia giao thông trên đoạn đường bộ không có biển báo “Cự ly tối thiểu giữa hai xe”, với điều kiện mặt đường khô ráo, không có sương mù, mặt đường không trơn trượt, địa hình bằng phẳng, đường thẳng, tầm nhìn bảo đảm, xe cơ giới đang chạy với tốc độ từ trên 80 km/h đến 100 km/h, người lái xe phải giữ khoảng cách an toàn với xe đang chạy liền trước tối thiểu là bao nhiêu mét?|55 mét.|70 mét|100 mét.|||2|1|0|115|138|1|1|1|1||Khoảng cách an toàn: 60km/h: 35m; 60km/h đến 80km/h: 55m; 80 đến 100km/h: 70m; 100 đến 120km/h: 100m.
139|Khi điều khiển xe tham gia giao thông trên đoạn đường bộ không có biển báo “Cự ly tối thiểu giữa hai xe”, với điều kiện mặt đường khô ráo, không có sương mù, mặt đường không trơn trượt, địa hình bằng phẳng, đường thẳng, tầm nhìn bảo đảm, xe cơ giới đang chạy với tốc độ từ trên 100 km/h đến 120 km/h, người lái xe phải giữ khoảng cách an toàn với xe đang chạy liền trước tối thiểu là bao nhiêu mét?|55 mét.|70 mét|100 mét.|||4|1|0|116|139|1|1|1|1||Khoảng cách an toàn: 60km/h: 35m; 60km/h đến 80km/h: 55m; 80 đến 100km/h: 70m; 100 đến 120km/h: 100m.
140|Khi điều khiển xe chạy với tốc độ dưới 60 km/h, người lái xe phải điều khiển xe như thế nào để đảm bảo khoảng cách an toàn với xe chạy liền trước xe mình?|Giữ, khoảng cách an toàn với xe đang chạy liền trước tối thiểu 45 mét.|Giữ,khoảng cách an toàn với xe đang chạy liền trước tối thiểu 50 mét.|Chủ động giữ khoảng cách an toàn phù hợp với xe chạy liền trước xe của mình; khoảng cách này tùy thuộc vào mật độ phương tiện, tình hình giao thông thực tể.|||4|1|73|117|140|1|1|1|1||Dưới 60 km/h: Chủ động giữ khoảng cách.
141|Người lái xe phải giảm tốc độ thấp hơn tốc độ tối đa cho phép đến mức cần thiết, chú ý quan sát và chuẩn bị sẵn sàng xử lý những tình huống có thể xảy ra để phòng ngừa tai nạn khi gặp biển báo hiệu nào dưới đây?|Gặp biển báo nguy hiểm và cảnh báo trên đường.|Gặp biển chỉ dẫn trên đường.|Gặp biển báo hết mọi lệnh cấm.|Gặp biển báo hết hạn chế tốc độ tối đa cho phép.||1|1|74|118|141|1|1|1|1||Giảm tốc độ, chú ý quan sát khi gặp biển báo nguy hiểm và cảnh báo trên đường.
167|Người lái xe buýt phải thực hiện các quy định nào dưới đây?|Phải hoạt động đúng tuyến, đúng lịch trình, thời gian được phép hoạt động và dừng xe, đỗ xe đúng nơi quy định.|Phải đón, trả hành khách theo thỏa thuận giữa hành khách và người lái xe nhưng phải chấp hành các quy định của pháp luật về trật tự, an toàn giao thông đường bộ khi đón, trả hành khách.|Tất cả các ý nêu trên.|||1|2|0|0|0|1|1|1|1||Xe buýt phải hoạt động đúng tuyến.
168|Người lái xe ô tô vận chuyển hành khách phải thực hiện các quy định nào dưới đây?|Đón, trả hành khách đúng nơi quy định; hướng dẫn sử dụng trang thiết bị an toàn trên xe; có biện pháp giữ gìn vệ sinh trong xe; không chở hàng hóa trong khoang chở hành khách.|Vận chuyển hành khách đúng lịch trình, lộ trình đã đăng ký, trừ trường hợp bất khả kháng; không chở hành khách trên nóc xe, trong khoang chở hành lý hoặc để hành khách đu, bám bên ngoài xe;|Tất cả các ý nêu trên.|||4|2|0|0|0|1|1|1|1||Khoản 1 Điều 45 Luật TTATGTĐB
169|Người lái xe ô tô vận chuyển hành khách phải thực hiện các trách nhiệm nào dưới đây?|Trước khi cho xe khởi hành phải kiểm tra các điều kiện bảo đảm an toàn của xe, hướng dẫn cho hành khách về an toàn giao thông đường bộ và thoát hiểm khi gặp sự cố.|Kiểm tra việc sắp xếp, chằng buộc hành lý, hàng hóa bảo đảm an toàn; giữ gìn trật tự, vệ sinh trong xe.|Cả ý 1 và ý 2|Đón trả khách tại vị trí do khách hàng yêu cầu.||4|2|0|0|0|1|1|1|1||Không thể luôn đón trả khách tại vị trí do khách hàng yêu cầu nên ý 1 và ý 2 đúng.
170|Thời gian làm việc của người lái xe ô tô không được lái xe liên tục quá bao nhiêu giờ trong trường hợp nào dưới đây?|Không quá 4 giờ.|Không quá 6 giờ.|Không quá 8 giờ.|Liên tục tùy thuộc vào sức khỏe và khả năng của người lái xe.||1|2|0|0|0|1|1|1|1||Không được lái xe liên tục quá 4 giờ.
171|Thời gian làm việc trong một ngày của người lái xe ô tô không được vượt quá bao nhiêu giờ trong các trường hợp dưới đây?|Không quá 8 giờ.|Không quá 10 giờ.|Không quá 12 giờ.|Không hạn chế tùy thuộc vào sức khỏe và khả năng của người lái xe.||2|2|0|0|0|1|1|1|1||Mỗi ngày không được làm việc quá 10 giờ.
172|Thời gian làm việc trong một tuần của người lái xe ô tô không được vượt quá bao nhiêu giờ trong các trường hợp dưới đây?|Không quá 32 giờ.|Không quá 36 giờ.|Không quá 40 giờ.|Không quá 48 giờ.||8|2|0|0|0|1|1|1|1||Một tuần không làm việc quá 48 giờ.
173|Xe ô tô kinh doanh vận tải chở trẻ em mầm non, học sinh phải đáp ứng các yêu cầu nào dưới đây?|Có thiết bị ghi nhận hình ảnh trẻ em mầm non, học sinh và thiết bị có chức năng cảnh báo, chống bỏ quên trẻ em trên xe; có niên hạn sử dụng không quá 20 năm; có màu sơn màu vàng.|Có dây đai an toàn phù hợp với lứa tuổi hoặc sử dụng xe có ghế ngồi phù hợp với lứa tuổi theo quy định của pháp luật.|Có thiết bị ghi nhận hình ảnh trẻ em mầm non, học sinh và thiết bị có chức năng cảnh báo, chống bỏ quên trẻ em trên xe; có niên hạn sử dụng không quá 25 năm; có màu sơn màu đỏ.|Cả ý 1 và ý 2.||8|2|0|0|0|1|1|1|1||Xe chở trẻ em mầm non cần phải có thiết bị ghi nhận hình ảnh và dây đai an toàn.
174|Người lái xe ô tô kinh doanh vận tải vận chuyển hàng hóa phải thực hiện các quy định nào dưới đây?|Kiểm tra các điều kiện bảo đảm an toàn của xe trước khi tham gia giao thông đường bộ; kiểm tra việc sắp xếp hàng hóa bảo đảm an toàn; chở hàng hóa vượt quá khối lượng cho phép hoặc vượt quá khổ giới hạn của xe; hàng hóa vận chuyển trên xe phải được sắp xếp gọn gàng, chằng buộc chắc chắn, bảo đảm an toàn theo quy định.|Kiểm tra các điều kiện bảo đảm an toàn của xe trước khi tham gia giao thông đường bộ; kiểm tra việc sắp xếp hàng hóa bảo đảm an toàn; không chở hàng hóa vượt quá khối lượng cho phép hoặc vượt quá khổ giới hạn của xe; hàng hóa vận chuyển trên xe phải được sắp xếp gọn gàng, chằng buộc chắc chắn, bảo đảm an toàn theo quy định.|Tất cả các ý trên.|||2|2|0|0|0|1|1|1|1||Không chở hàng hóa vượt quá khối lượng cho phép hoặc vượt quá khổ giới hạn của xe.
175|Khi vận chuyển hàng hoá xếp vượt phía trước và phía sau xe, người lái xe phải thực hiện các cảnh báo gì?|Ban ngày phải có báo hiệu màu đỏ tại điểm đầu và điểm cuối cùng của hàng hóa; ban đêm hoặc khi trời tối phải có đèn hoặc báo hiệu cho người tham gia giao thông đường bộ để nhận biết.|Ban ngày và ban đêm phải bật đèn báo nguy hiểm trên xe ô tô để báo hiệu cho người tham gia giao thông đường bộ nhận biết.||||1|2|0|0|0|1|1|1|1||Phải có báo hiệu màu đỏ tại điểm đầu và điểm cuối cùng của hàng hóa.
176|Khi vận chuyển hàng rời, vật liệu xây dựng, phế thải, người lái xe phải thực hiện các quy định nào dưới đây?|Chiều cao tối đa của hàng hóa phải thấp hơn mép trên thành thùng xe tối thiểu 10 cm.|Chiều cao tối đa của hàng hóa được phép bằng mép trên thành thùng xe.|Chiều cao tối đa của hàng hóa được phép cao hơn mép trên thành thùng xe, nhưng không vượt quá 10 cm.|||1|2|0|0|0|1|1|1|1||Hàng hóa thấp hơn mép trên thùng 10 cm.
177|Khi vận chuyển thực phẩm tươi sống, người lái xe phải thực hiện các quy định nào dưới đây?|Phải chấp hành các quy định của pháp luật về trật tự, an toàn giao thông đường bộ, an toàn thực phẩm, vệ sinh dịch tễ, phòng dịch và bảo đảm vệ sinh môi trường.|Phải chấp hành các quy định của pháp luật về trật tự, an toàn giao thông đường bộ, phòng chống cháy nổ, cứu nạn, cứu hộ và bảo đảm vệ sinh môi trường.|Tất cả các ý trên.|||1|2|0|0|0|1|1|1|1||Hàng thực phẩm phải an toàn thực phẩm.
178|Khi vận chuyển hành khách, hàng hóa bằng xe mô tô, người lái xe phải thực hiện các quy định nào dưới đây?|Kiểm tra việc sắp xếp, chằng buộc hàng hóa trên xe; khi chở quá số người, chở hành lý, hàng hóa vượt quá khối lượng cho phép hoặc vượt quá khổ giới hạn của xe thì phải có biện pháp đảm bảo an toàn.|Kiểm tra việc sắp xếp hàng hóa bảo đảm an toàn; không chở quá số người, chở hành lý, hàng hóa vượt quá khối lượng cho phép hoặc vượt quá khổ giới hạn của xe; hàng hóa vận chuyển trên xe không cản trở tầm nhìn của người lái xe; không được che khuất đèn, biển số xe.|Tất cả các ý trên.|||2|2|0|0|0|1|1|1|1||Chở khách không chở quá số người.
179|Khi vận chuyển hàng siêu trường, siêu trọng, người lái xe phải thực hiện các quy định nào dưới đây?|Xe vận chuyển phải phù hợp với loại hàng, kích thước, khối lượng của hàng và phải có giấy phép lưu hành xe do cơ quan quản lý đường bộ có thẩm quyền cấp; xe phải chạy với tốc độ quy định trong giấy phép và phải có báo hiệu kích thước của hàng; trường hợp cần thiết, phải có người, phương tiện hỗ trợ theo quy định.|Xe vận chuyển phải là xe chuyên dùng và phải có giấy chứng nhận kiểm định an toàn kỹ thuật và bảo vệ môi trường; xe phải chạy với tốc độ phù hợp quy định và tốc độ quy định trên biển báo hiệu đường bộ; trường hợp cần thiết, phải có người, phương tiện hỗ trợ theo quy định.||||1|2|0|0|0|1|1|1|1||Xe chở hàng siêu trường, siêu trọng phải có giấy phép lưu hành xe.
180|Khi vận chuyển hàng siêu trường, siêu trọng, người lái xe phải điều khiển xe chạy với tốc độ nào nêu dưới đây?|Chạy dưới tốc độ tối đa và trên tốc độ tối thiểu được quy định trên biển báo hiệu đường bộ.|Chạy với tốc độ quy định trong giấy phép lưu hành xe do cơ quan quản lý đường bộ có thẩm quyền cấp.|Chạy với tốc độ phù hợp với mật độ giao thông để đảm bảo an toàn.|||2|2|0|0|0|1|1|1|1||Xe chở hàng siêu trường, siêu trọng phải chạy với tốc độq quy định trong giấy phép.
181|Người lái xe taxi phải thực hiện các quy định nào dưới đây?|Phải đón, trả hành khách theo thỏa thuận giữa hành khách và người lái xe nhưng phải chấp hành các quy định của pháp luật về trật tự, an toàn giao thông đường bộ khi đón, trả hành khách.|Phải hoạt động đúng tuyến, đúng lịch trình, thời gian được phép hoạt động và dừng xe, đỗ xe đúng nơi quy định.|Tất cả các ý nêu trên.|||1|2|0|0|0|1|1|1|1||Xe taxi đón trả khách theo thỏa thuận.
182|Người lái xe ô tô vận chuyển hành khách không được thực hiện các quy định nào dưới đây?|Chở hàng hóa nguy hiểm, hàng hóa cấm lưu hành, hàng lậu, động vật hoang dã, hàng có mùi hôi thối hoặc động vật, hàng hóa khác có ảnh hưởng đến sức khỏe của hành khách, môi trường.|Chở quá số người, chở hành lý, hàng hóa vượt quá khối lượng cho phép hoặc vi phạm quy định khác của pháp luật; chở hàng hóa trong khoang chở hành khách.|Tất cả các ý trên.|||4|2|0|0|0|1|1|1|1||Xe chở khách không chở hàng nguy hiểm và không chở quá số người quy định.
183|Hàng siêu trường, siêu trọng được hiểu như thế nào là đúng?|Là hàng có kích thước hoặc khối lượng vượt quá giới hạn về kích thước hoặc khối lượng quy định cho phép của xe dùng để chuyên chở.|Là hàng có thể chia nhỏ, tháo rời hoặc được xếp trong thùng kín, vận chuyển trên đường bộ để đảm bảo an toàn.|Là hàng không thể chia nhỏ, tháo rời, khi vận chuyển trên đường bộ làm cho phương tiện hoặc tổ hợp phương tiện bị vượt quá giới hạn cho phép tham gia giao thông đường bộ về kích thước, khối lượng theo quy định của pháp luật.|||4|2|0|0|0|1|1|1|1||Hàng siêu trường, siêu trọng là hàng không thể chia nhỏ.
184|Khi vận chuyển động vật sống, người lái xe phải thực hiện các quy định nào dưới đây?|Người lái xe phải mang đủ giấy tờ theo quy định của pháp luật; phương tiện vận chuyển phải có kết cấu phù hợp với loại động vật chuyên chở.|Trong quá trình vận chuyển phải chấp hành các quy định của pháp luật về trật tự, an toàn giao thông đường bộ, vệ sinh dịch tễ, phòng dịch và bảo đảm vệ sinh môi trường.|Tất cả các ý trên.|||4|2|0|0|0|1|1|1|1||Chở động vật sống phải có đủ giấy tờ và vệ sinh dịch tễ.
185|Xe quá khổ giới hạn, xe quá tải trọng, xe bánh xích chỉ được lưu hành trên đường bộ trong các trường hợp nào nêu dưới đây?|Sau khi được cấp giấy phép lưu hành xe quá khổ giới hạn, xe quá tải trọng, xe bánh xích; đã thực hiện các biện pháp bảo vệ công trình đường bộ theo quy định.|Sau khi được cấp giấy chứng nhận kiểm định chất lượng an toàn kỹ thuật và bảo vệ môi trường cho xe chở hàng quá khổ giới hạn, xe quá tải trọng, xe bánh xích; đã có kế hoạch thực hiện các biện pháp bảo vệ công trình đường bộ theo quy định.|Tất cả các ý trên.|||1|2|0|0|0|1|1|1|1||Xe quá khổ, xe quá tải trọng phải được cấp giấy phép lưu hành.
186|Người lái xe ô tô đưa đón trẻ em mầm non, học sinh phải có kinh nghiệm lái xe vận tải hành khách tối thiểu bao nhiêu năm?|02 năm.|03 năm.|04 năm.|||1|2|0|0|0|1|1|1|1||Kinh nghiệm lái xe tối thiểu chở trẻ em mầm non là 02 năm.
187|Khi vận chuyển hàng hóa nguy hiểm, người lái xe phải thực hiện các quy định nào dưới đây?|Việc vận chuyển hàng hóa nguy hiểm phải có giấy phép vận chuyển; trong trường hợp cần thiết, đơn vị vận chuyển hàng hóa nguy hiểm phải bố trí người áp tải để bảo đảm trật tự, an toàn giao thông đường bộ.|Xe ô tô vận chuyển hàng hóa nguy hiểm phải dán biểu trưng nhận diện hàng hóa nguy hiểm; lắp đèn, tín hiệu cảnh báo; người lái xe hoặc người áp tải vận chuyển hàng hóa nguy hiểm phải được tập huấn về vận chuyển hàng hóa nguy hiểm.|Tất cả các ý trên.|||4|2|0|0|0|1|1|1|1||Xe chở hàng nguy hiểm phải có giấy phép và biểu trưng nguy hiểm.
188|Xe bốn bánh có gắn động cơ vận chuyển hành khách phải đáp ứng các yêu cầu nào được nêu dưới đây?|Niêm yết tên và số điện thoại của tổ chức, cá nhân kinh doanh vận tải; niêm yết giá cước vận tải; hoạt động trên tất cả các tuyến đường giao thông công cộng có đủ điều kiện.|Niêm yết tên và số điện thoại của tổ chức, cá nhân kinh doanh vận tải; niêm yết giá cước vận tải; hoạt động đúng thời gian và phạm vi hoạt động theo quy định của Uỷ ban nhân dân cấp tỉnh.|Tất cả các ý trên.|||2|2|0|0|0|1|1|1|1||Xe bốn bánh gắn động cơ hoạt động theo quy định UBND cấp tỉnh.
189|Xe bốn bánh có gắn động cơ vận chuyển hàng hóa phải đáp ứng các yêu cầu nào được nêu dưới đây?|Niêm yết tên và số điện thoại của tổ chức, cá nhân kinh doanh vận tải; hoạt động đúng thời gian và phạm vi hoạt động theo quy định của Uỷ ban nhân dân cấp tỉnh.|Niêm yết tên và số điện thoại của tổ chức, cá nhân kinh doanh vận tải; niêm yết giá cước vận tải; hoạt động trên tất cả các tuyến đường giao thông công cộng có đủ điều kiện.||||1|2|0|0|0|1|1|1|1||Xe bốn bánh gắn động cơ hoạt động theo quy định UBND cấp tỉnh.
190|Xe cứu hộ giao thông đường bộ phải đảm bảo các điều kiện nào được nêu dưới đây?|Có dấu hiệu nhận diện, niêm yết thông tin trên xe; có gắn thiết bị giám sát hành trình và thiết bị ghi nhận hình ảnh người lái xe theo quy định.|Có thiết bị ghi nhận hình ảnh xe được cứu hộ và có đèn, thiết bị cảnh báo loại xe được ưu tiên trong quá trình cứu hộ.||||1|2|0|0|0|1|1|1|1||Xe cứu hộ giao thông phải có dấu hiệu nhận diện.
191|Xe cứu hộ giao thông đường bộ gồm những loại xe nào được nêu dưới đây?|Xe ô tô tải hoặc ô con có trang bị các dụng cụ, thiết bị phục vụ cho việc sửa chữa, khắc phục các hư hỏng của phương tiện giao thông đường bộ bị hư hỏng, bị sự cố.|Xe ô tô chở người có trang bị các dụng cụ, thiết bị phục vụ cho việc sửa chữa, khắc phục các hư hỏng của phương tiện giao thông đường bộ bị hư hỏng, bị sự cố.|Xe ô tô chuyên dùng có trang bị dụng cụ, thiết bị dùng để cứu hộ, hỗ trợ di chuyển hoặc chuyên chở các phương tiện giao thông đường bộ bị hư hỏng, bị sự cố.|||4|2|0|0|0|1|1|1|1||Xe cứu hộ giao thông là xe ô tô chuyên dùng.
192|Xe cơ giới quá khổ giới hạn bao gồm các loại xe nào được nêu dưới đây?|Xe có khối lượng toàn bộ vượt quá khối lượng cho phép của xe hoặc vượt quá tải trọng của đường bộ; xe có khối lượng toàn bộ phân bổ lên trục xe, cụm trục xe vượt quá tải trọng của trục xe, cụm trục xe hoặc vượt quá tải trọng của đường bộ.|Xe có kích thước bao ngoài vượt quá kích thước giới hạn cho phép của xe theo quy chuẩn kỹ thuật quốc gia về xe cơ giới; xe có kích thước bao ngoài quá khổ giới hạn của đường bộ; xe khi chở hàng hóa có kích thước bao ngoài của xe và hàng hóa vượt quá kích thước giới hạn cho phép xếp hàng hóa của xe hoặc quá khổ giới hạn của đường bộ.||||2|2|0|0|0|1|1|1|1||Xe quá khổ vượt giới hạn theo quy chuẩn kỹ thuật quốc gia.
143|Tại các điểm giao cắt giữa đường bộ và đường sắt, quyền ưu tiên thuộc về loại phương tiện nào dưới đây?|Xe chữa cháy của Cảnh sát phòng cháy, chữa cháy và cứu nạn, cứu hộ và xe chữa cháy của các lực lượng khác được huy động đi làm nhiệm vụ chữa cháy.|Xe cứu thương đi làm nhiệm vụ cấp cứu.|Phương tiện giao thông đường sắt.|Xe máy chuyên dùng.||4|1|0|120|143|1|1|1|1|1|Phương tiện giao thông đường sắt ưu tiên cao nhất.
148|Người và phương tiện tham gia giao thông đường bộ phải giảm tốc độ, đi sát lề đường bên phải hoặc dừng lại để nhường đường trong trường hợp nào dưới đây?|Khi gặp xe cấp cứu.|Khi gặp xe chữa cháy.|Khi gặp đoàn xe tang.|Khi gặp xe ưu tiên có tín hiệu ưu tiên.||8|1|0|125|148|1|1|1|1||Nhường đường khi gặp xe ưu tiên có tín hiệu ưu tiên.
150|Khi xe ô tô, mô tô đến gần vị trí giao nhau giữa đường bộ và đường sắt không có rào chắn, khi đèn tín hiệu màu đỏ đã bật sáng hoặc khi có tiếng chuông báo hiệu, người lái xe xử lý như thế nào?|Dừng lại về bên phải đường của mình tại vị trí cảm thấy an toàn.|Nhanh chóng cho xe vượt qua đường sắt trước khi tàu hỏa tới.|Giảm tốc độ cho xe vượt qua đường sắt trước khi tàu hỏa tới.|Dừng lại về bên phải đường của mình, trước vạch dừng xe.||8|1|77|127|150|1|1|1|1|1|Có tín hiệu đường sắt thì dừng trước vạch dừng xe.
157|Theo Luật Trật tự, an toàn giao thông đường bộ, tín hiệu đèn giao thông gồm những màu sắc nào?|Đỏ - Vàng - Xanh.|Cam - Vàng - Xanh.|Vàng - Xanh dương - Xanh lá.|Đỏ - Cam - Xanh.||1|1|79|132|157|1|1|1|1||Màu đèn tín hiệu: Đỏ vàng xanh.
163|Khi dừng, đỗ xe trên đường phố hẹp, người lái xe ô tô phải dừng, đỗ xe ở vị trí cách xe ô tô đang đỗ bên kia đường khoảng cách tối thiểu là bao nhiêu mét trong các trường hợp dưới đây để đảm bảo an toàn giao thông?|5 mét.|10 mét.|15 mét.|20 mét.||8|1|0|136|163|1|1|1|1||Cách xe ô tô đang đỗ ngược chiều dưới 20 mét trên đường phố hẹp, dưới 40 mét trên đường có một làn xe cơ giới trên một chiều đường;
